{"cameraMode":{"drawMode":0,"name":"Shaded","section":"Shading Mode"},"sceneLighting":false,"audioPlay":false,"sceneViewState":{"showFog":false,"showMaterialUpdate":false,"showSkybox":false,"showFlares":false,"showImageEffects":false,"showParticleSystems":false},"in2DMode":false,"pivot":{"x":0.10552263259887696,"y":-1.1965693235397339,"z":-8.989105224609375},"rotation":{"x":0.0052926186472177509,"y":-0.5446686744689941,"z":0.003434498095884919,"w":0.8386313915252686},"size":1.2247449159622193,"orthographic":false}