{"cameraMode":{"drawMode":0,"name":"Shaded","section":"Shading Mode"},"sceneLighting":false,"audioPlay":false,"sceneViewState":{"showFog":false,"showMaterialUpdate":false,"showSkybox":false,"showFlares":false,"showImageEffects":false,"showParticleSystems":false},"in2DMode":false,"pivot":{"x":-18.845327377319337,"y":6.117945671081543,"z":-20.94231414794922},"rotation":{"x":-0.03325897455215454,"y":-0.9637125134468079,"z":0.14448615908622743,"w":-0.22212330996990205},"size":48.861732482910159,"orthographic":false}