{"cameraMode":{"drawMode":0,"name":"Shaded","section":"Shading Mode"},"sceneLighting":true,"audioPlay":false,"sceneViewState":{"showFog":false,"showMaterialUpdate":false,"showSkybox":false,"showFlares":false,"showImageEffects":false,"showParticleSystems":false},"in2DMode":false,"pivot":{"x":5.851077079772949,"y":-4.289148330688477,"z":31.905975341796876},"rotation":{"x":-0.04676270857453346,"y":-0.035357262939214709,"z":0.0016497112810611725,"w":-0.9982944130897522},"size":18.092506408691408,"orthographic":false}