{"cameraMode":{"drawMode":0,"name":"Shaded","section":"Shading Mode"},"sceneLighting":false,"audioPlay":false,"sceneViewState":{"showFog":false,"showMaterialUpdate":false,"showSkybox":false,"showFlares":false,"showImageEffects":false,"showParticleSystems":false},"in2DMode":false,"pivot":{"x":42.83091735839844,"y":-2.6514699459075929,"z":44.93083190917969},"rotation":{"x":0.02577824331820011,"y":-0.8915544748306274,"z":0.05114952474832535,"w":0.44928568601608279},"size":10.12384033203125,"orthographic":false}