{"cameraMode":{"drawMode":0,"name":"Shaded","section":"Shading Mode"},"sceneLighting":true,"audioPlay":false,"sceneViewState":{"showFog":false,"showMaterialUpdate":false,"showSkybox":false,"showFlares":false,"showImageEffects":false,"showParticleSystems":false},"in2DMode":false,"pivot":{"x":-5.460761547088623,"y":-0.5377774238586426,"z":-40.95259475708008},"rotation":{"x":-0.004599178209900856,"y":0.9931695461273193,"z":-0.042045313864946368,"w":-0.10888727754354477},"size":18.092506408691408,"orthographic":false}