{"cameraMode":{"drawMode":0,"name":"Shaded","section":"Shading Mode"},"sceneLighting":true,"audioPlay":false,"sceneViewState":{"showFog":false,"showMaterialUpdate":false,"showSkybox":false,"showFlares":false,"showImageEffects":false,"showParticleSystems":false},"in2DMode":false,"pivot":{"x":-13.559075355529786,"y":2.5124688148498537,"z":-39.42013168334961},"rotation":{"x":-0.004599178209900856,"y":0.9931695461273193,"z":-0.042045313864946368,"w":-0.10888727754354477},"size":19.87798309326172,"orthographic":false}